"","RNAplate","RNAwell","Sample","RNA_ID","uLextracted","uLeluted","DateExtracted","PCRplate"
"99","1","G11","NP-Inf-6-10-20-A","NP-Inf-6/10/20-A_1",600,60,"43997","12"
"100","1","A12","NP-Inf-6-11-20-A","NP-Inf-6/11/20-A_1",600,60,"43997","12"
"101","1","H11","NP-Inf-6-12-20-A","NP-Inf-6/12/20-A_1",600,60,"43997","12"
"123","2","B2","COR-Inf-5-25-20-A","COR-Inf-5-25-20-A_2",400,50,"44004","1"
"124","2","A2","COR-Inf-6-1-20-A","COR-Inf-6-1-20-A_2",400,50,"44004","1"
"131","2","A1","EB-6-22-20","EB-6/22/20_2",400,50,"44004","1"
"163","2","B5","NP-10thSt-6-18-20-A","NP-10thSt-6/18/20-A_2",400,50,"44004","1, 5, 7, 11"
"164","2","F6","NP-26thSt-6-19-20-A","NP-26thSt-6/19/20-A_2",400,50,"44004","1"
"165","2","C6","NP-32ndSt-6-17-20-A","NP-32ndSt-6/17/20-A_2",400,50,"44004","1, 3, 5, 7, 11"
"166","2","D7","NP-42ndSt-6-19-20-A","NP-42ndSt-6/19/20-A_2",400,50,"44004","1, 5, 7"
"167","2","E7","NP-48thSt-6-19-20-A","NP-48thSt-6/19/20-A_2",400,50,"44004","1, 3"
"168","2","F7","NP-56thSt-6-19-20-A","NP-56thSt-6/19/20-A_2",400,50,"44004","1, 3"
"169","2","F5","NP-68thSt-6-19-20-A","NP-68thSt-6/19/20-A_2",400,50,"44004","1, 5, 7, 11"
"170","2","E6","NP-70thSt-6-19-20-A","NP-70thSt-6/19/20-A_2",400,50,"44004","1"
"171","2","H6","NP-Bayfront-6-19-20-A","NP-Bayfront-6/19/20-A_2",400,50,"44004","1"
"172","2","A8","NP-BigCreek-6-19-20-A","NP-BigCreek-6/19/20-A_2",400,50,"44004","1, 3"
"173","2","B6","NP-Embarcadero-6-18-20-A","NP-Embarcadero-6/18/20-A_2",400,50,"44004","1, 5, 7, 11"
"174","2","H5","NP-Hatfield-6-18-20-A","NP-Hatfield-6/18/20-A_2",400,50,"44004","1, 3, 5, 7, 11"
"175","2","C5","NP-Inf-6-17-20-A","NP-Inf-6/17/20-A_2",400,50,"44004","1"
"176","2","D5","NP-Inf-6-18-20-A","NP-Inf-6/18/20-A_2",400,50,"44004","1"
"177","2","G7","NP-Inf-6-19-20-A","NP-Inf-6/19/20-A_2",400,50,"44004","1"
"178","2","B8","NP-MinnieSt-6-18-20-A","NP-MinnieSt-6/18/20-A_2",400,50,"44004","1"
"179","2","G6","NP-Neff-6-19-20-A","NP-Neff-6/19/20-A_2",400,50,"44004","1, 5"
"180","2","E5","NP-NeolhaPoint-6-18-20-A","NP-NeolhaPoint-6/18/20-A_2",400,50,"44004","1, 5, 7, 11"
"181","2","A5","NP-Northside-6-18-20-A","NP-Northside-6/18/20-A_2",400,50,"44004","1"
"182","2","C7","NP-NWSpringSt-6-19-20-A","NP-NWSpringSt-6/19/20-A_2",400,50,"44004","1"
"183","2","B7","NP-NyeBeach-6-18-20-A","NP-NyeBeach-6/18/20-A_2",400,50,"44004","1"
"184","2","A7","NP-NyeBeach-6-19-20-A","NP-NyeBeach-6/19/20-A_2",400,50,"44004","1"
"185","2","D6","NP-ParkSt-6-19-20-A","NP-ParkSt-6/19/20-A_2",400,50,"44004","1"
"186","2","A6","NP-RunningSprings-6-18-20-A","NP-RunningSprings-6/18/20-A_2",400,50,"44004","1, 5, 7, 11"
"187","2","H7","NP-San-Bay-O-6-18-20-A","NP-San-Bay-O-6/18/20-A_2",400,50,"44004","1"
"188","2","G5","NP-Southshore-6-18-20-A","NP-Southshore-6/18/20-A_2",400,50,"44004","1, 5, 7, 11"
"217","3","B1","BD-Blank-5-29-20-B","BD-Blank-5-29-20-B_3",400,50,"44007","2"
"218","3","C1","BD-Blank-5-30-20-B","BD-Blank-5-30-20-B_3",400,50,"44007","2"
"219","3","D1","BD-Blank-5-31-20-B","BD-Blank-5-31-20-B_3",400,50,"44007","2"
"225","3","B2","BD-Inf-5-26-20-B","BD-Inf-5-26-20-B_3",400,50,"44007","2"
"226","3","C2","BD-Inf-5-27-20-B","BD-Inf-5-27-20-B_3",400,50,"44007","2"
"227","3","D2","BD-Inf-5-28-20-B","BD-Inf-5-28-20-B_3",400,50,"44007","2"
"228","3","E2","BD-Inf-5-29-20-B","BD-Inf-5-29-20-B_3",400,50,"44007","2"
"229","3","F2","BD-Inf-5-30-20-B","BD-Inf-5-30-20-B_3",400,50,"44007","2"
"230","3","G2","BD-Inf-5-31-20-B","BD-Inf-5-31-20-B_3",400,50,"44007","2"
"231","3","H2","BD-Inf-6-1-20-B","BD-Inf-6-1-20-B_3",400,50,"44007","2"
"251","3","G6","COR-Inf-6-11-20-B","COR-Inf-6-11-20-B_3",400,50,"44007","2"
"252","3","H6","COR-Inf-6-8-20-B","COR-Inf-6-8-20-B_3",400,50,"44007","2"
"256","3","A1","EB-6-25-20","EB-6/25/20_3",400,50,"44007","2"
"257","3","H4","ExDiagNegCtrl-2","ExDiagNegCtrl-2_3",400,50,"44007","2"
"258","3","G4","ExDiagPosCtrl-2","ExDiagPosCtrl-2_3",400,50,"44007","2"
"259","3","G5","NP-Inf-6-10-20-B","NP-Inf-6/10/20-B_3",400,50,"44007","2"
"260","3","A6","NP-Inf-6-11-20-B","NP-Inf-6/11/20-B_3",400,50,"44007","2"
"261","3","H5","NP-Inf-6-12-20-B","NP-Inf-6/12/20-B_3",400,50,"44007","2"
"268","4","E5","COR-Inf-5-17-20-A","COR-Inf-5-17-20-A_4",200,50,"44021","6"
"269","4","A4","COR-Inf-6-15-20-A","COR-Inf-6-15-20-A_4",200,50,"44021","6, 12"
"280","4","H6","EB-7-9-20","EB-7/9/20_4",200,50,"44021","6, 16"
"294","4","F1","NP-Inf-6-24-20-A","NP-Inf-6-24-20-A_4",200,50,"44021","6"
"295","4","E3","NP-Inf-6-25-20-A","NP-Inf-6-25-20-A_4",200,50,"44021","6, 50"
"296","4","D3","NP-Inf-6-26-20-A","NP-Inf-6-26-20-A_4",200,50,"44021","6, 50"
"297","4","B2","NP-Inf-7-1-20-A","NP-Inf-7-1-20-A_4",200,50,"44021","6, 50"
"298","4","B3","NP-Inf-7-2-20-A","NP-Inf-7-2-20-A_4",200,50,"44021","6, 50"
"316","5","D1","Hermiston-Inf-7-10-20-A","Hermiston-Inf-7-10-20-A_5",200,50,"44024","7"
"317","5","E1","Hermiston-Inf-7-8-20-A","Hermiston-Inf-7-8-20-A_5",200,50,"44024","7"
"318","5","F1","Hermiston-Inf-7-9-20-A","Hermiston-Inf-7-9-20-A_5",200,50,"44024","7"
"319","6","D8","COR-Inf-5-11-20-A","COR-Inf-5-11-20-A_6",200,50,"44032","12"
"320","6","C8","COR-Inf-5-4-20-A","COR-Inf-5-4-20-A_6",200,50,"44032","12"
"323","6","B1","EB-7-20-20","EB-7/20/20_6",200,50,"44032","11"
"330","6","A6","NP-10thSt-6-18-20-A","NP-10thSt-6-18-20-A_6",100,50,"44032","1, 5, 7, 11"
"331","6","E2","NP-10thSt-7-8-20-A","NP-10thSt-7-8-20-A_6",200,50,"44032","11"
"332","6","A4","NP-26thSt-7-9-20-A","NP-26thSt-7-9-20-A_6",200,50,"44032","11"
"333","6","H6","NP-32ndSt-6-17-20-A","NP-32ndSt-6-17-20-A_6",100,50,"44032","1, 3, 5, 7, 11"
"334","6","B4","NP-32ndSt-7-9-20-A","NP-32ndSt-7-9-20-A_6",200,50,"44032","11"
"335","6","F2","NP-42ndSt-7-8-20-A","NP-42ndSt-7-8-20-A_6",200,50,"44032","11"
"336","6","A2","NP-48thSt-7-8-20-A","NP-48thSt-7-8-20-A_6",200,50,"44032","11"
"337","6","C4","NP-48thSt-7-9-20-A","NP-48thSt-7-9-20-A_6",200,50,"44032","11"
"338","6","B2","NP-56thSt-7-8-20-A","NP-56thSt-7-8-20-A_6",200,50,"44032","11"
"339","6","C6","NP-68thSt-6-19-20-A","NP-68thSt-6-19-20-A_6",100,50,"44032","1, 5, 7, 11"
"340","6","C2","NP-68thSt-7-8-20-A","NP-68thSt-7-8-20-A_6",200,50,"44032","11"
"341","6","G2","NP-70thSt-7-8-20-A","NP-70thSt-7-8-20-A_6",200,50,"44032","11"
"342","6","H2","NP-Bayfront-7-8-20-A","NP-Bayfront-7-8-20-A_6",200,50,"44032","11"
"343","6","E5","NP-Bayfront-7-9-20-A","NP-Bayfront-7-9-20-A_6",200,50,"44032","11"
"344","6","A3","NP-BigCreek-7-8-20-A","NP-BigCreek-7-8-20-A_6",200,50,"44032","11"
"345","6","D4","NP-BigCreek-7-9-20-A","NP-BigCreek-7-9-20-A_6",200,50,"44032","11"
"346","6","G6","NP-Embarcadero-6-18-20-A","NP-Embarcadero-6-18-20-A_6",100,50,"44032","1, 5, 7, 11"
"347","6","G3","NP-Embarcadero-7-8-20-A","NP-Embarcadero-7-8-20-A_6",200,50,"44032","11"
"348","6","E6","NP-Hatfield-6-18-20-A","NP-Hatfield-6-18-20-A_6",100,50,"44032","1, 3, 5, 7, 11"
"349","6","E4","NP-Hatfield-7-9-20-A","NP-Hatfield-7-9-20-A_6",200,50,"44032","11"
"350","6","G8","NP-Hatfield-FieldBlank-7-8-20-A","NP-Hatfield-FieldBlank-7-8-20-A_6",200,50,"44032","12"
"351","6","H5","NP-Inf-7-10-20-A","NP-Inf-7-10-20-A_6",200,50,"44032","11"
"352","6","D2","NP-Inf-7-8-20-A","NP-Inf-7-8-20-A_6",200,50,"44032","11"
"353","6","G5","NP-Inf-7-9-20-A","NP-Inf-7-9-20-A_6",200,50,"44032","11"
"354","6","F3","NP-MinnieSt-7-8-20-A","NP-MinnieSt-7-8-20-A_6",200,50,"44032","11"
"355","6","B5","NP-Neff-7-9-20-A","NP-Neff-7-9-20-A_6",200,50,"44032","11"
"356","6","B6","NP-NeolhaPoint-6-18-20-A","NP-NeolhaPoint-6-18-20-A_6",100,50,"44032","1, 5, 7, 11"
"357","6","G4","NP-NeolhaPoint-7-9-20-A","NP-NeolhaPoint-7-9-20-A_6",200,50,"44032","11"
"358","6","H3","NP-Northside-7-8-20-A","NP-Northside-7-8-20-A_6",200,50,"44032","11"
"359","6","D5","NP-Northside-7-9-20-A","NP-Northside-7-9-20-A_6",200,50,"44032","11"
"360","6","C1","NP-Northside-FieldBlank-7-7-20-A","NP-Northside-FieldBlank-7-7-20-A_6",200,50,"44032","11"
"361","6","B3","NP-NWSpringSt-7-8-20-A","NP-NWSpringSt-7-8-20-A_6",200,50,"44032","11"
"362","6","C3","NP-NyeBeach-7-8-20-A","NP-NyeBeach-7-8-20-A_6",200,50,"44032","11"
"363","6","F4","NP-NyeBeach-7-9-20-A","NP-NyeBeach-7-9-20-A_6",200,50,"44032","11"
"364","6","E1","NP-NyeBeach-FieldBlank-7-7-20-A","NP-NyeBeach-FieldBlank-7-7-20-A_6",200,50,"44032","11"
"365","6","D3","NP-ParkSt-7-8-20-A","NP-ParkSt-7-8-20-A_6",200,50,"44032","11"
"366","6","C5","NP-ParkSt-7-9-20-A","NP-ParkSt-7-9-20-A_6",200,50,"44032","11"
"367","6","F6","NP-RunningSprings-6-18-20-A","NP-RunningSprings-6-18-20-A_6",100,50,"44032","1, 5, 7, 11"
"368","6","F5","NP-RunningSprings-7-9-20-A","NP-RunningSprings-7-9-20-A_6",200,50,"44032","11"
"369","6","H8","NP-RunningSprings-FieldBlank-7-8-20-A","NP-RunningSprings-FieldBlank-7-8-20-A_6",200,50,"44032","12"
"370","6","E3","NP-San-Bay-O-7-8-20-A","NP-San-Bay-O-7-8-20-A_6",200,50,"44032","11"
"371","6","A5","NP-San-Bay-O-7-9-20-A","NP-San-Bay-O-7-9-20-A_6",200,50,"44032","11"
"372","6","D1","NP-San-Bay-O-FieldBlank-7-7-20-A","NP-San-Bay-O-FieldBlank-7-7-20-A_6",200,50,"44032","11"
"373","6","D6","NP-Southshore-6-18-20-A","NP-Southshore-6-18-20-A_6",100,50,"44032","1, 5, 7, 11"
"374","6","H4","NP-Southshore-7-9-20-A","NP-Southshore-7-9-20-A_6",200,50,"44032","11"
"375","6","F1","NP-Southshore-FieldBlank-7-8-20-A","NP-Southshore-FieldBlank-7-8-20-A_6",200,50,"44032","11"
"385","7","C1","BD-Inf-7-16-20-A","BD-Inf-7-16-20-A_7",200,30,"44040","14"
"386","7","F1","BD-Inf-7-21-20-A","BD-Inf-7-21-20-A_7",200,30,"44040","14"
"387","7","C2","BD-Inf-7-23-20-A","BD-Inf-7-23-20-A_7",200,30,"44040","14"
"413","7","B1","EB-14","EB-14_7",200,30,"44040","14"
"414","7","E3","Hermiston-Inf-7-19-20-A","Hermiston-Inf-7-19-20-A_7",200,30,"44040","14"
"415","7","F3","Hermiston-Inf-7-20-20-A","Hermiston-Inf-7-20-20-A_7",200,30,"44040","14"
"416","7","G3","Hermiston-Inf-7-21-20-A","Hermiston-Inf-7-21-20-A_7",200,30,"44040","14"
"417","7","H3","Hermiston-Inf-7-22-20-A","Hermiston-Inf-7-22-20-A_7",200,30,"44040","14"
"418","7","D4","Hermiston-Inf-7-23-20-A","Hermiston-Inf-7-23-20-A_7",200,30,"44040","14"
"427","7","G1","NegCtl-14","NegCtl-14_7",200,30,"44040","14"
"428","7","H1","PosCtl-14","PosCtl-14_7",200,30,"44040","14"
"438","8","E3","COR-Inf-11-13-19-A","COR-Inf-11-13-19-A_8",200,30,"44042","15"
"444","8","B1","EB-15","EB-15_8",200,30,"44042","15"
"455","8","G1","NegCtl-15","NegCtl-15_8",200,30,"44042","15"
"456","8","C3","NP-10thSt-6-18-20-B","NP-10thSt-6-18-20-B_8",200,30,"44042","15"
"457","8","F2","NP-32ndSt-6-17-20-B","NP-32ndSt-6-17-20-B_8",200,30,"44042","15"
"458","8","B2","NP-42ndSt-7-8-20-B","NP-42ndSt-7-8-20-B_8",150,30,"44042","15"
"459","8","C2","NP-48thSt-7-9-20-B","NP-48thSt-7-9-20-B_8",200,30,"44042","15"
"460","8","B3","NP-68thSt-6-19-20-B","NP-68thSt-6-19-20-B_8",200,30,"44042","15"
"461","8","G2","NP-Embarcadero-6-18-20-B","NP-Embarcadero-6-18-20-B_8",200,30,"44042","15"
"462","8","E2","NP-Hatfield-6-18-20-B","NP-Hatfield-6-18-20-B_8",200,30,"44042","15"
"463","8","E1","NP-Inf-7-10-20-B","NP-Inf-7-10-20-B_8",200,30,"44042","15"
"464","8","D3","NP-NeolhaPoint-6-18-20-B","NP-NeolhaPoint-6-18-20-B_8",200,30,"44042","15"
"465","8","F1","NP-Northside-7-8-20-B","NP-Northside-7-8-20-B_8",200,30,"44042","15"
"466","8","H2","NP-RunningSprings-6-18-20-B","NP-RunningSprings-6-18-20-B_8",200,30,"44042","15"
"467","8","A3","NP-Southshore-6-18-20-B","NP-Southshore-6-18-20-B_8",200,30,"44042","15"
"468","8","H1","PosCtl-15","PosCtl-15_8",200,30,"44042","15, 16"
"478","9","C5","BD-Inf-7-27-20-A","BD-Inf-7-27-20-A_9",200,30,"44054","19"
"479","9","D5","BD-Inf-7-29-20-A","BD-Inf-7-29-20-A_9",200,30,"44054","19"
"480","9","H4","BD-Inf-7-31-20-A","BD-Inf-7-31-20-A_9",200,30,"44054","19"
"481","9","G4","BD-Inf-8-3-20-A","BD-Inf-8-3-20-A_9",200,30,"44054","19"
"482","9","E4","BD-Inf-8-5-20-A","BD-Inf-8-5-20-A_9",200,30,"44054","19"
"502","9","B1","EB-19","EB-19_9",200,30,"44054","19"
"511","9","H1","NegCtl-19","NegCtl-19_9",200,30,"44054","19"
"512","9","G1","PosCtl-19","PosCtl-19_9",200,30,"44054","19"
"538","10","C1","COR-Inf-6-22-20-A","COR-Inf-6-22-20-A_10",200,30,"44056","21"
"539","10","D1","COR-Inf-6-29-20-A","COR-Inf-6-29-20-A_10",200,30,"44056","21"
"540","10","F1","COR-Inf-7-13-20-A","COR-Inf-7-13-20-A_10",200,30,"44056","21"
"541","10","A2","COR-Inf-7-20-20-A","COR-Inf-7-20-20-A_10",200,30,"44056","21"
"542","10","B2","COR-Inf-7-27-20-A","COR-Inf-7-27-20-A_10",200,30,"44056","21"
"543","10","E1","COR-Inf-7-6-20-A","COR-Inf-7-6-20-A_10",200,30,"44056","21"
"544","10","D2","COR-Inf-8-10-20-A","COR-Inf-8-10-20-A_10",200,30,"44056","21"
"545","10","C2","COR-Inf-8-3-20-A","COR-Inf-8-3-20-A_10",200,30,"44056","21"
"548","10","B1","EB-20","EB-20_10",200,30,"44056","21"
"560","10","G1","NegCtl-20","NegCtl-20_10",200,30,"44056","21"
"561","10","H1","PosCtl-20","PosCtl-20_10",200,30,"44056","21"
"580","11","B1","EB-22","EB-22_11",200,30,"44061","22"
"595","11","G1","NegCtl-22","NegCtl-22_11",200,30,"44061","22"
"596","11","A2","NP-Inf-7-15-20-A","NP-Inf-7-15-20-A_11",200,30,"44061","22"
"597","11","B2","NP-Inf-7-16-20-A","NP-Inf-7-16-20-A_11",200,30,"44061","22"
"598","11","C2","NP-Inf-7-17-20-A","NP-Inf-7-17-20-A_11",200,30,"44061","22"
"599","11","D2","NP-Inf-7-22-20-A","NP-Inf-7-22-20-A_11",200,30,"44061","22"
"600","11","E2","NP-Inf-7-23-20-A","NP-Inf-7-23-20-A_11",200,30,"44061","22"
"601","11","F2","NP-Inf-7-24-20-A","NP-Inf-7-24-20-A_11",200,30,"44061","22"
"602","11","G2","NP-Inf-7-29-20-A","NP-Inf-7-29-20-A_11",200,30,"44061","22"
"603","11","H2","NP-Inf-7-30-20-A","NP-Inf-7-30-20-A_11",200,30,"44061","22"
"604","11","A3","NP-Inf-8-5-20-A","NP-Inf-8-5-20-A_11",200,30,"44061","22"
"605","11","B3","NP-Inf-8-6-20-A","NP-Inf-8-6-20-A_11",200,30,"44061","22"
"606","11","C3","NP-Inf-8-7-20-A","NP-Inf-8-7-20-A_11",200,30,"44061","22"
"607","11","H1","PosCtl-22","PosCtl-22_11",200,30,"44061","22"
"688","13","B5","BD-Inf-8-10-20-A","BD-Inf-8-10-20-A_13",200,30,"44070","24"
"689","13","C5","BD-Inf-8-12-20-A","BD-Inf-8-12-20-A_13",200,30,"44070","24"
"690","13","D5","BD-Inf-8-14-20-A","BD-Inf-8-14-20-A_13",200,30,"44070","24"
"691","13","E5","BD-Inf-8-17-20-A","BD-Inf-8-17-20-A_13",200,30,"44070","24"
"692","13","F5","BD-Inf-8-19-20-A","BD-Inf-8-19-20-A_13",200,30,"44070","24"
"702","13","G5","COR-Inf-8-17-20-A","COR-Inf-8-17-20-A_13",200,30,"44070","24"
"710","13","B1","EB-24","EB-24_13",200,30,"44070","24"
"726","13","G1","NegCtl-24","NegCtl-24_13",200,30,"44070","24"
"727","13","H5","NP-Inf-8-12-20-A","NP-Inf-8-12-20-A_13",200,30,"44070","24"
"728","13","A6","NP-Inf-8-19-20-A","NP-Inf-8-19-20-A_13",200,30,"44070","24"
"729","13","H1","PosCtl-24","PosCtl-24_13",200,30,"44070","24"
"758","14","F8","COR-Inf-8-24-20-A","COR-Inf-8-24-20-A_14",200,30,"44077","25"
"761","14","B1","EB-25","EB-25_14",200,30,"44077","25"
"793","14","G1","NegCtl-25","NegCtl-25_14",200,30,"44077","25"
"794","14","C8","NP-Inf-8-20-20-A","NP-Inf-8-20-20-A_14",200,30,"44077","25"
"795","14","D8","NP-Inf-8-26-20-A","NP-Inf-8-26-20-A_14",200,30,"44077","25"
"796","14","E8","NP-Inf-8-27-20-A","NP-Inf-8-27-20-A_14",200,30,"44077","25"
"797","14","H1","PosCtl-25","PosCtl-25_14",200,30,"44077","25"
"928","17","A5","COR-Inf-4-21-20-A","COR-Inf-4-21-20-A_17",200,30,"44088","28"
"929","17","H5","COR-Inf-4-28-20-A","COR-Inf-4-28-20-A_17",200,30,"44088","28"
"930","17","B4","COR-Inf-8-31-20-A","COR-Inf-8-31-20-A_17",200,30,"44088","28, 31"
"931","17","C4","COR-Inf-9-7-20-A","COR-Inf-9-7-20-A_17",200,30,"44088","28, 31"
"934","17","B1","EB-28","EB-28_17",200,30,"44088","28"
"939","17","E2","HER-Inf-9-9-20-A","HER-Inf-9-9-20-A_17",200,30,"44088","28"
"948","17","G1","NegCtl-28","NegCtl-28_17",200,30,"44088","28"
"949","17","F2","NP-Inf-9-2-20-A","NP-Inf-9-2-20-A_17",200,30,"44088","28"
"950","17","G2","NP-Inf-9-3-20-A","NP-Inf-9-3-20-A_17",200,30,"44088","28"
"951","17","H1","PosCtl-28","PosCtl-28_17",200,30,"44088","28"
"983","19","F4","COR-Inf-5-18-20-A","COR-Inf-5-18-20-A_19",200,30,"44095","30"
"985","19","B1","EB-30","EB-30_19",200,30,"44095","30"
"986","19","C3","EUG-Inf-9-15-20-A","EUG-Inf-9-15-20-A_19",200,30,"44095","30"
"1000","19","G1","NegCtl-30","NegCtl-30_19",200,30,"44095","30"
"1001","19","E3","NP-Inf-9-10-20-A","NP-Inf-9-10-20-A_19",200,30,"44095","30"
"1002","19","D3","NP-Inf-9-11-20-A","NP-Inf-9-11-20-A_19",200,30,"44095","30"
"1003","19","F3","NP-Inf-9-9-20-A","NP-Inf-9-9-20-A_19",200,30,"44095","30"
"1006","19","H1","PosCtl-30","PosCtl-30_19",200,30,"44095","30"
"1015","20","F4","COR-Inf-8-31-20-A","COR-Inf-8-31-20-A_20",200,30,"44098","28, 31"
"1016","20","B5","COR-Inf-9-14-20-A","COR-Inf-9-14-20-A_20",200,30,"44098","31, 32, 36"
"1017","20","H4","COR-Inf-9-15-20-A","COR-Inf-9-15-20-A_20",200,30,"44098","31"
"1018","20","A5","COR-Inf-9-20-20-A","COR-Inf-9-20-20-A_20",200,30,"44098","31"
"1019","20","G4","COR-Inf-9-21-20-A","COR-Inf-9-21-20-A_20",200,30,"44098","31"
"1020","20","E4","COR-Inf-9-7-20-A","COR-Inf-9-7-20-A_20",200,30,"44098","28, 31"
"1021","20","B1","EB-31","EB-31_20",200,30,"44098","31"
"1022","20","H6","EUG-Inf-9-22-20-A","EUG-Inf-9-22-20-A_20",200,30,"44098","31"
"1034","20","E6","HER-Inf-9-16-20-A","HER-Inf-9-16-20-A_20",200,30,"44098","31"
"1045","20","G1","NegCtl-31","NegCtl-31_20",200,30,"44098","31"
"1046","20","B6","NP-Inf-9-16-20-A","NP-Inf-9-16-20-A_20",200,30,"44098","31"
"1047","20","C6","NP-Inf-9-17-20-A","NP-Inf-9-17-20-A_20",200,30,"44098","31"
"1048","20","D6","NP-Inf-9-18-20-A","NP-Inf-9-18-20-A_20",200,30,"44098","31"
"1056","20","H1","PosCtl-31","PosCtl-31_20",200,30,"44098","31"
"1064","21","H2","COR-Inf-9-14-20-A","COR-Inf-9-14-20-A_21",200,30,"44102","31, 32, 36"
"1065","21","A3","COR-Inf-9-22-20-A","COR-Inf-9-22-20-A_21",200,30,"44102","32, 36"
"1066","21","G2","COR-Inf-9-24-20-A","COR-Inf-9-24-20-A_21",200,30,"44102","32, 36"
"1068","21","B1","EB-32","EB-32_21",200,30,"44102","32"
"1069","21","B6","HER-Inf-9-23-20-A","HER-Inf-9-23-20-A_21",200,30,"44102","32, 36"
"1081","21","G1","NegCtl-32","NegCtl-32_21",200,30,"44102","32"
"1101","21","H1","PosCtl-32","PosCtl-32_21",200,30,"44102","32"
"1107","22","D6","COR-Inf-9-28-20-A","COR-Inf-9-28-20-A_22",200,30,"44105","33"
"1108","22","C6","COR-Inf-9-29-20-A","COR-Inf-9-29-20-A_22",200,30,"44105","33"
"1109","22","B1","EB-33","EB-33_22",200,30,"44105","33"
"1128","22","G1","NegCtl-33","NegCtl-33_22",200,30,"44105","33"
"1129","22","G5","NP-Inf-9-23-20-A","NP-Inf-9-23-20-A_22",200,30,"44105","33"
"1130","22","H5","NP-Inf-9-24-20-A","NP-Inf-9-24-20-A_22",200,30,"44105","33"
"1131","22","A6","NP-Inf-9-25-20-A","NP-Inf-9-25-20-A_22",200,30,"44105","33"
"1150","22","H1","PosCtl-33","PosCtl-33_22",200,30,"44105","33"
"1165","23","B1","EB-34","EB-34_23",200,30,"44106","34"
"1166","23","B4","EUG-Inf-9-28-20-A","EUG-Inf-9-28-20-A_23",200,30,"44106","34"
"1180","23","E4","HER-Inf-9-30-20-A","HER-Inf-9-30-20-A_23",200,30,"44106","34"
"1181","23","G1","NegCtl-34","NegCtl-34_23",200,30,"44106","34"
"1183","23","H1","PosCtl-34","PosCtl-34_23",200,30,"44106","34"
"1186","24","G4","COR-Inf-10-1-20-A","COR-Inf-10-1-20-A_24",200,30,"44109","35"
"1187","24","B1","EB-35","EB-35_24",200,30,"44109","35"
"1201","24","G1","NegCtl-35","NegCtl-35_24",200,30,"44109","35"
"1216","24","H1","PosCtl-35","PosCtl-35_24",200,30,"44109","35"
"1217","25","G4","BD-Inf-5-19-20-A","BD-Inf-5-19-20-A_25",200,30,"44112","37"
"1218","25","B4","BD-Inf-8-21-20-A","BD-Inf-8-21-20-A_25",200,30,"44112","37"
"1219","25","D4","BD-Inf-8-24-20-A","BD-Inf-8-24-20-A_25",200,30,"44112","37"
"1220","25","E4","BD-Inf-8-26-20-A","BD-Inf-8-26-20-A_25",200,30,"44112","37"
"1221","25","F4","BD-Inf-9-16-20-A","BD-Inf-9-16-20-A_25",200,30,"44112","37"
"1222","25","H4","BD-Inf-9-23-20-A","BD-Inf-9-23-20-A_25",200,30,"44112","37"
"1223","25","A5","BD-Inf-9-30-20-A","BD-Inf-9-30-20-A_25",200,30,"44112","37"
"1224","25","A4","BD-Inf-9-4-20-A","BD-Inf-9-4-20-A_25",200,30,"44112","37"
"1225","25","C4","BD-Inf-9-9-20-A","BD-Inf-9-9-20-A_25",200,30,"44112","37"
"1226","25","F3","COR-Inf-10-4-20-A","COR-Inf-10-4-20-A_25",200,30,"44112","37"
"1227","25","G3","COR-Inf-10-5-20-A","COR-Inf-10-5-20-A_25",200,30,"44112","37"
"1228","25","C3","COR-Inf-10-6-20-A","COR-Inf-10-6-20-A_25",200,30,"44112","37"
"1230","25","B1","EB-37","EB-37_25",200,30,"44112","37"
"1245","25","G1","NegCtl-37","NegCtl-37_25",200,30,"44112","37"
"1246","25","H3","NP-Inf-10-2-20-A","NP-Inf-10-2-20-A_25",200,30,"44112","37"
"1262","25","H1","PosCtl-37","PosCtl-37_25",200,30,"44112","37"
"1266","26","D2","BD-Inf-5-20-20-A","BD-Inf-5-20-20-A_26",200,30,"44116","38"
"1269","26","F5","COR-Inf-10-8-20-A","COR-Inf-10-8-20-A_26",200,30,"44116","38"
"1270","26","B1","EB-38","EB-38_26",200,30,"44116","38"
"1271","26","C2","EUG-Inf-10-5-20-A","EUG-Inf-10-5-20-A_26",200,30,"44116","38"
"1273","26","C3","HER-Inf-10-7-20-A","HER-Inf-10-7-20-A_26",200,30,"44116","38"
"1279","26","G1","NegCtl-38","NegCtl-38_26",200,30,"44116","38"
"1280","26","B2","NP-Inf-10-1-20-A","NP-Inf-10-1-20-A_26",200,30,"44116","38"
"1281","26","A2","NP-Inf-9-30-20-A","NP-Inf-9-30-20-A_26",200,30,"44116","38"
"1301","26","H1","PosCtl-38","PosCtl-38_26",200,30,"44116","38"
"1319","28","C6","COR-Inf-10-11-20-A","COR-Inf-10-11-20-A_28",200,30,"44119","40, 42"
"1320","28","B6","COR-Inf-10-12-20-A","COR-Inf-10-12-20-A_28",200,30,"44119","40, 42"
"1321","28","A6","COR-Inf-10-13-20-A","COR-Inf-10-13-20-A_28",200,30,"44119","40, 42"
"1322","28","B1","EB-40","EB-40_28",200,30,"44119","40"
"1323","28","A3","EUG-Inf-10-12-20-A","EUG-Inf-10-12-20-A_28",200,30,"44119","40"
"1343","28","G1","NegCtl-40","NegCtl-40_28",200,30,"44119","40"
"1362","28","H1","PosCtl-40","PosCtl-40_28",200,30,"44119","40"
"1369","29","B1","EB-41","EB-41_29",200,30,"44123","41"
"1373","29","D3","HER-Inf-10-14-20-A","HER-Inf-10-14-20-A_29",200,30,"44123","41"
"1390","29","G1","NegCtl-41","NegCtl-41_29",200,30,"44123","41"
"1391","29","F3","NP-Inf-10-7-20-A","NP-Inf-10-7-20-A_29",200,30,"44123","41"
"1392","29","G3","NP-Inf-10-8-20-A","NP-Inf-10-8-20-A_29",200,30,"44123","41"
"1393","29","H3","NP-Inf-10-9-20-A","NP-Inf-10-9-20-A_29",200,30,"44123","41"
"1405","29","H1","PosCtl-41","PosCtl-41_29",200,30,"44123","41"
"1412","30","A4","BD-Inf-10-14-20-A","BD-Inf-10-14-20-A_30",200,30,"44124","42"
"1413","30","B4","BD-Inf-10-7-20-A","BD-Inf-10-7-20-A_30",200,30,"44124","42"
"1427","30","E4","COR-Inf-10-11-20-A","COR-Inf-10-11-20-A_30",200,30,"44124","40, 42"
"1428","30","D4","COR-Inf-10-12-20-A","COR-Inf-10-12-20-A_30",200,30,"44124","40, 42"
"1429","30","F4","COR-Inf-10-13-20-A","COR-Inf-10-13-20-A_30",200,30,"44124","40, 42"
"1430","30","C1","COR-Inf-10-15-20-A","COR-Inf-10-15-20-A_30",200,30,"44124","42"
"1431","30","B1","EB-42","EB-42_30",200,30,"44124","42"
"1434","30","G1","NegCtl-42","NegCtl-42_30",200,30,"44124","42"
"1442","30","H1","PosCtl-42","PosCtl-42_30",200,30,"44124","42"
"1445","31","E4","BD-Inf-10-20-20-A","BD-Inf-10-20-20-A_31",200,30,"44126","43, 50"
"1449","31","F4","COR-Inf-10-18-20-A","COR-Inf-10-18-20-A_31",200,30,"44126","43"
"1450","31","G4","COR-Inf-10-19-20-A","COR-Inf-10-19-20-A_31",200,30,"44126","43, 50"
"1451","31","H4","COR-Inf-10-20-20-A","COR-Inf-10-20-20-A_31",200,30,"44126","43"
"1452","31","B1","EB-43","EB-43_31",200,30,"44126","43"
"1467","31","G1","NegCtl-43","NegCtl-43_31",200,30,"44126","43"
"1468","31","F6","NP-Inf-10-14-20-A","NP-Inf-10-14-20-A_31",200,30,"44126","43"
"1489","31","H1","PosCtl-43","PosCtl-43_31",200,30,"44126","43"
"1497","32","B1","EB-44","EB-44_32",200,30,"44130","44"
"1499","32","A5","EUG-Inf-10-19-20-A","EUG-Inf-10-19-20-A_32",200,30,"44130","44"
"1537","32","F3","HER-Inf-10-23-20-A","HER-Inf-10-23-20-A_32",200,30,"44130","44"
"1552","32","G1","NegCtl-44","NegCtl-44_32",200,30,"44130","44"
"1571","32","H1","PosCtl-44","PosCtl-44_32",200,30,"44130","44"
"1579","33","B1","EB-46","EB-46_33",200,30,"44133","46"
"1584","33","G1","NegCtl-46","NegCtl-46_33",200,30,"44133","46"
"1585","33","H1","PosCtl-46","PosCtl-46_33",200,30,"44133","46"
"1608","33","G4","COR-Inf-10-25-20-A","COR-Inf-10-25-20-A_33",200,30,"44133","46"
"1609","33","H4","COR-Inf-10-22-20-A","COR-Inf-10-22-20-A_33",200,30,"44133","46"
"1610","33","A5","COR-Inf-10-26-20-A","COR-Inf-10-26-20-A_33",200,30,"44133","46"
"1612","33","C5","EUG-Inf-10-26-20-A","EUG-Inf-10-26-20-A_33",200,30,"44133","46"
"1626","34","B1","EB-47","EB-47_34",200,30,"44137","47"
"1627","34","B1","EB-48","EB-48_34",200,30,"44137","48"
"1632","34","G1","NegCtl-47","NegCtl-47_34",200,30,"44137","47"
"1633","34","H1","PosCtl-47","PosCtl-47_34",200,30,"44137","47"
"1634","34","G1","NegCtl-48","NegCtl-48_34",200,30,"44137","48"
"1635","34","H1","PosCtl-48","PosCtl-48_34",200,30,"44137","48"
"1652","34","A4","COR-Inf-10-27-20-A","COR-Inf-10-27-20-A_34",200,30,"44137","47"
"1653","34","B4","COR-Inf-10-29-20-A","COR-Inf-10-29-20-A_34",200,30,"44137","47"
"1655","34","D4","COR-Inf-10-28-20-A","COR-Inf-10-28-20-A_34",200,30,"44137","47"
"1666","34","G5","NP-Inf-10-21-20-A","NP-Inf-10-21-20-A_34",200,30,"44137","47"
"1667","34","H5","NP-Inf-10-22-20-A","NP-Inf-10-22-20-A_34",200,30,"44137","47"
"1703","34","D10","NP-Inf-10-28-20-A","NP-Inf-10-28-20-A_34",200,30,"44137","48"
"1704","34","E10","NP-Inf-10-29-20-A","NP-Inf-10-29-20-A_34",200,30,"44137","48"
"1706","34","G10","HER-Inf-10-30-20-A","HER-Inf-10-30-20-A_34",200,30,"44137","48"
"1722","35","B1","EB-49","EB-49_35",200,30,"44140","49"
"1723","35","B1","EB-50","EB-50_35",200,30,"44140","50"
"1728","35","G1","NegCtl-49","NegCtl-49_35",200,30,"44140","49"
"1729","35","H1","PosCtl-49","PosCtl-49_35",200,30,"44140","49"
"1730","35","G1","NegCtl-50","NegCtl-50_35",200,30,"44140","50"
"1731","35","H1","PosCtl-50","PosCtl-50_35",200,30,"44140","50"
"1746","35","G3","COR-Inf-11-3-20-A","COR-Inf-11-3-20-A_35",200,30,"44140","49"
"1747","35","H3","COR-Inf-11-2-20-A","COR-Inf-11-2-20-A_35",200,30,"44140","49"
"1748","35","A4","COR-Inf-11-1-20-A","COR-Inf-11-1-20-A_35",200,30,"44140","49"
"1769","35","F6","EUG-Inf-11-2-20-A","EUG-Inf-11-2-20-A_35",200,30,"44140","50"
"1771","35","A7","NP-32ndSt-7-9-20-B","NP-32ndSt-7-9-20-B_35",400,30,"44140","50"
"1772","35","B7","NP-NyeBeach-7-8-20-B","NP-NyeBeach-7-8-20-B_35",400,30,"44140","50"
"1773","35","C7","NP-Inf-7-9-20-B","NP-Inf-7-9-20-B_35",400,30,"44140","50"
"1774","35","D7","NP-Inf-6-17-20-B","NP-Inf-6-17-20-B_35",400,30,"44140","50"
"1775","35","E7","NP-Inf-6-19-20-B","NP-Inf-6-19-20-B_35",400,30,"44140","50"
"1776","35","F7","NP-Inf-6-24-20-B","NP-Inf-6-24-20-B_35",400,30,"44140","50"
"1777","35","G7","NP-Inf-6-26-20-B","NP-Inf-6-26-20-B_35",400,30,"44140","50"
"1778","35","H7","NP-Inf-7-1-20-B","NP-Inf-7-1-20-B_35",400,30,"44140","50"
"1779","35","A8","NP-Inf-7-8-20-B","NP-Inf-7-8-20-B_35",400,30,"44140","50"
"1780","35","B8","NP-NyeBeach-6-19-20-B","NP-NyeBeach-6-19-20-B_35",400,30,"44140","50"
"1781","35","C8","NP-Northside-6-18-20-B","NP-Northside-6-18-20-B_35",400,30,"44140","50"
"1782","35","D8","NP-Northside-7-9-20-B","NP-Northside-7-9-20-B_35",400,30,"44140","50"
"1783","35","E8","NP-Bayfront-6-19-20-B","NP-Bayfront-6-19-20-B_35",400,30,"44140","50"
"1784","35","F8","NP-Bayfront-7-9-20-B","NP-Bayfront-7-9-20-B_35",400,30,"44140","50"
"1785","35","G8","NP-BigCreek-6-19-20-B","NP-BigCreek-6-19-20-B_35",400,30,"44140","50"
"1789","36","B1","EB-51","EB-51_36",200,30,"44144","51"
"1790","36","B1","EB-52","EB-52_36",200,30,"44144","52"
"1795","36","G1","NegCtl-51","NegCtl-51_36",200,30,"44144","51"
"1796","36","H1","PosCtl-51","PosCtl-51_36",200,30,"44144","51"
"1797","36","G1","NegCtl-52","NegCtl-52_36",200,30,"44144","52"
"1798","36","H1","PosCtl-52","PosCtl-52_36",200,30,"44144","52"
"1814","36","H3","COR-Inf-11-4-20-A","COR-Inf-11-4-20-A_36",200,30,"44144","51"
"1829","36","G5","HER-Inf-11-4-20-A","HER-Inf-11-4-20-A_36",200,30,"44144","51"
"1837","36","G6","BD-Inf-10-28-20-A","BD-Inf-10-28-20-A_36",200,30,"44144","52"
"1838","36","H6","BD-Inf-11-3-20-A","BD-Inf-11-3-20-A_36",200,30,"44144","52"
"1856","36","B9","EUG-FLD_BLNK-11-6-20-A","EUG-FLD_BLNK-11-6-20-A_36",200,30,"44144","52"
"1861","36","G9","EUG-Inf-11-5-20-A","EUG-Inf-11-5-20-A_36",200,30,"44144","52"
"1863","36","A10","EUG-Inf-11-4-20-A","EUG-Inf-11-4-20-A_36",200,30,"44144","52"
"1868","37","B1","EB-53","EB-53_37",200,30,"44147","53"
"1873","37","G1","NegCtl-53","NegCtl-53_37",200,30,"44147","53"
"1874","37","H1","PosCtl-53","PosCtl-53_37",200,30,"44147","53"
"1907","37","A6","NP-Inf-11-4-20-A","NP-Inf-11-4-20-A_37",200,30,"44147","53, 55"
"1908","37","B6","NP-Inf-11-5-20-A","NP-Inf-11-5-20-A_37",200,30,"44147","53, 55"
"1909","37","C6","NP-Inf-11-9-20-A","NP-Inf-11-9-20-A_37",200,30,"44147","53"
"1910","38","B1","EB-54","EB-54_38",200,30,"44151","54"
"1915","38","G1","NegCtl-54","NegCtl-54_38",200,30,"44151","54"
"1916","38","H1","PosCtl-54","PosCtl-54_38",200,30,"44151","54"
"1931","38","G3","COR-Inf-11-9-20-A","COR-Inf-11-9-20-A_38",200,30,"44151","54"
"1932","38","H3","COR-Inf-11-10-20-A","COR-Inf-11-10-20-A_38",200,30,"44151","54"
"1933","38","A4","COR-Inf-11-11-20-A","COR-Inf-11-11-20-A_38",200,30,"44151","54"
"1934","38","B4","COR-Inf-11-12-20-A","COR-Inf-11-12-20-A_38",200,30,"44151","54"
"1954","38","F6","EUG-Inf-11-8-20-A","EUG-Inf-11-8-20-A_38",200,30,"44151","55"
"1962","38","F7","EUG-Inf-11-9-20-A","EUG-Inf-11-9-20-A_38",200,30,"44151","55"
"1965","38","A8","HER-Inf-11-11-20-A","HER-Inf-11-11-20-A_38",200,30,"44151","55"
"1968","38","D8","BD-Inf-11-11-20-A","BD-Inf-11-11-20-A_38",200,30,"44151","55"
"1989","38","B1","EB-55","EB-55_38",200,30,"44151","55"
"1990","38","G1","NegCtl-55","NegCtl-55_38",200,30,"44151","55"
"1991","38","H1","PosCtl-55","PosCtl-55_38",200,30,"44151","55"
"1992","39","B1","EB-56","EB-56_39",200,30,"44154","56"
"1997","39","G1","NegCtl-56","NegCtl-56_39",200,30,"44154","56"
"1998","39","H1","PosCtl-56","PosCtl-56_39",200,30,"44154","56"
"2015","39","A4","COR-Inf-11-15-20-A","COR-Inf-11-15-20-A_39",200,30,"44154","56"
"2016","39","B4","COR-Inf-11-16-20-A","COR-Inf-11-16-20-A_39",200,30,"44154","56"
"2017","39","C4","COR-Inf-11-17-20-A","COR-Inf-11-17-20-A_39",200,30,"44154","56"
"2036","39","F6","NP-Inf-11-11-20-A","NP-Inf-11-11-20-A_39",200,30,"44154","56"
"2037","39","G6","NP-Inf-11-12-20-A","NP-Inf-11-12-20-A_39",200,30,"44154","56, 60"
"2039","40","B1","EB-57","EB-57_40",200,30,"44158","57"
"2044","40","G1","NegCtl-57","NegCtl-57_40",200,30,"44158","57"
"2045","40","H1","PosCtl-57","PosCtl-57_40",200,30,"44158","57"
"2057","40","D3","COR-Inf-11-19-20-A","COR-Inf-11-19-20-A_40",200,30,"44158","57"
"2068","40","G4","BD-Inf-11-13-20-A","BD-Inf-11-13-20-A_40",200,30,"44158","57"
"2069","40","H4","BD-Inf-11-17-20-A","BD-Inf-11-17-20-A_40",200,30,"44158","57"
"2079","40","B6","EUG-Inf-11-16-20-A","EUG-Inf-11-16-20-A_40",200,30,"44158","57"
"2080","40","C6","NP-Inf-11-18-20-A","NP-Inf-11-18-20-A_40",200,30,"44158","57"
"2081","40","D6","NP-Inf-11-19-20-A","NP-Inf-11-19-20-A_40",200,30,"44158","57"
"2086","41","B1","EB-58","EB-58_41",200,30,"44165","58"
"2091","41","G1","NegCtl-58","NegCtl-58_41",200,30,"44165","58"
"2092","41","H1","PosCtl-58","PosCtl-58_41",200,30,"44165","58"
"2093","41","A2","COR-Inf-11-22-20-A","COR-Inf-11-22-20-A_41",200,30,"44165","58"
"2094","41","B2","COR-Inf-11-23-20-A","COR-Inf-11-23-20-A_41",200,30,"44165","58"
"2095","41","C2","COR-Inf-11-24-20-A","COR-Inf-11-24-20-A_41",200,30,"44165","58"
"2106","41","F3","HER-Inf-11-25-20-A","HER-Inf-11-25-20-A_41",200,30,"44165","58"
"2107","41","G3","BD-Inf-11-20-20-A","BD-Inf-11-20-20-A_41",200,30,"44165","58"
"2108","41","H3","BD-Inf-11-24-20-A","BD-Inf-11-24-20-A_41",200,30,"44165","58"
"2112","41","D4","EUG-Inf-11-23-20-A","EUG-Inf-11-23-20-A_41",200,30,"44165","58"
"2114","41","F4","HER-Inf-11-18-20-A","HER-Inf-11-18-20-A_41",200,30,"44165","58"
"2125","42","B1","EB-59","EB-59_42",200,30,"44168","59"
"2130","42","G1","NegCtl-59","NegCtl-59_42",200,30,"44168","59"
"2131","42","H1","PosCtl-59","PosCtl-59_42",200,30,"44168","59"
"2147","42","H3","COR-Inf-11-29-20-A","COR-Inf-11-29-20-A_42",200,30,"44168","59"
"2148","42","A4","COR-Inf-11-30-20-A","COR-Inf-11-30-20-A_42",200,30,"44168","59"
"2149","42","B4","COR-Inf-12-1-20-A","COR-Inf-12-1-20-A_42",200,30,"44168","59"
"2163","42","H5","NP-Inf-11-26-20-A","NP-Inf-11-26-20-A_42",200,30,"44168","59"
"2164","42","A6","NP-Inf-11-25-20-A","NP-Inf-11-25-20-A_42",200,30,"44168","59"
"2183","42","B1","EB-60","EB-60_42",200,30,"44168","60"
"2184","42","G1","NegCtl-60","NegCtl-60_42",200,30,"44168","60"
"2185","42","H1","PosCtl-60","PosCtl-60_42",200,30,"44168","60"
"2186","43","B1","EB-61","EB-61_43",200,30,"44172","61"
"2190","43","F1","BD-Inf-11-25-20-A","BD-Inf-11-25-20-A_43",200,30,"44172","61"
"2191","43","G1","NegCtl-61","NegCtl-61_43",200,30,"44172","61"
"2192","43","H1","PosCtl-61","PosCtl-61_43",200,30,"44172","61"
"2195","43","C2","BD-Inf-11-30-20-A","BD-Inf-11-30-20-A_43",200,30,"44172","61"
"2199","43","G2","BD-Inf-11-26-20-A","BD-Inf-11-26-20-A_43",200,30,"44172","61"
"2200","43","H2","BD-Inf-11-29-20-A","BD-Inf-11-29-20-A_43",200,30,"44172","61"
"2204","43","D3","EUG-Inf-11-30-20-A","EUG-Inf-11-30-20-A_43",200,30,"44172","61"
"2205","43","E3","BD-Inf-11-28-20-A","BD-Inf-11-28-20-A_43",200,30,"44172","61"
"2206","43","F3","BD-Inf-11-27-20-A","BD-Inf-11-27-20-A_43",200,30,"44172","61"
"2209","43","A4","COR-Inf-12-3-20-A","COR-Inf-12-3-20-A_43",200,30,"44172","61"
"2220","44","B1","EB-62","EB-62_44",200,30,"44175","62"
"2221","44","C1","BD-Inf-12-3-20-A","BD-Inf-12-3-20-A_44",200,30,"44175","62"
"2222","44","D1","BD-Inf-12-5-20-A","BD-Inf-12-5-20-A_44",200,30,"44175","62"
"2223","44","E1","BD-Inf-12-7-20-A","BD-Inf-12-7-20-A_44",200,30,"44175","62"
"2225","44","G1","NegCtl-62","NegCtl-62_44",200,30,"44175","62"
"2226","44","H1","PosCtl-62","PosCtl-62_44",200,30,"44175","62"
"2240","44","F3","RED-Inf-12-7-20-A","RED-Inf-12-7-20-A_44",200,30,"44175","62"
"2248","44","F4","RED-Inf-12-9-20-A","RED-Inf-12-9-20-A_44",200,30,"44175","62"
"2249","44","G4","RED-FLD_BLNK-12-9-20-A","RED-FLD_BLNK-12-9-20-A_44",200,30,"44175","62"
"2251","44","A5","NP-Inf-12-2-20-A","NP-Inf-12-2-20-A_44",200,30,"44175","62"
"2266","45","B1","EB-63","EB-63_45",200,30,"44179","63"
"2267","45","C1","NP-Inf-12-3-20-A","NP-Inf-12-3-20-A_45",200,30,"44179","63"
"2268","45","D1","HER-Inf-12-9-20-A","HER-Inf-12-9-20-A_45",200,30,"44179","63"
"2270","45","F1","EUG-Inf-12-7-20-A","EUG-Inf-12-7-20-A_45",200,30,"44179","63"
"2271","45","G1","NegCtl-63","NegCtl-63_45",200,30,"44179","63"
"2272","45","H1","PosCtl-63","PosCtl-63_45",200,30,"44179","63"
"2289","45","A4","COR-Inf-12-6-20-A","COR-Inf-12-6-20-A_45",200,30,"44179","63"
"2290","45","B4","COR-Inf-12-7-20-A","COR-Inf-12-7-20-A_45",200,30,"44179","63"
"2291","45","C4","COR-Inf-12-8-20-A","COR-Inf-12-8-20-A_45",200,30,"44179","63"
"2292","45","D4","COR-Inf-12-10-20-A","COR-Inf-12-10-20-A_45",200,30,"44179","63"
"2313","46-A","B1","EB-64","EB-64_46-A",200,30,"44182","64"
"2314","46-A","C1","COR-Inf-12-14-20-B","COR-Inf-12-14-20-B_46-A",200,30,"44182","64"
"2315","46-A","D1","COR-Inf-12-15-20-B","COR-Inf-12-15-20-B_46-A",200,30,"44182","64"
"2316","46-A","E1","BD-Inf-12-12-20-B","BD-Inf-12-12-20-B_46-A",200,30,"44182","64"
"2317","46-A","F1","BD-Inf-12-14-20-B","BD-Inf-12-14-20-B_46-A",200,30,"44182","64"
"2318","46-A","G1","NegCtl-64","NegCtl-64_46-A",200,30,"44182","64"
"2319","46-A","H1","PosCtl-64","PosCtl-64_46-A",200,30,"44182","64"
"2320","46-B","A2","BD-Inf-12-10-20-A","BD-Inf-12-10-20-A_46-B",200,30,"44182","64"
"2342","46-B","G4","RED-FLD_BLNK-12-16-20-A","RED-FLD_BLNK-12-16-20-A_46-B",200,30,"44182","64"
"2344","46-B","A5","RED-Inf-12-16-20-A","RED-Inf-12-16-20-A_46-B",200,30,"44182","64"
"2345","46-B","B5","NP-Inf-12-10-20-A","NP-Inf-12-10-20-A_46-B",200,30,"44182","64"
"2346","46-B","C5","NP-Inf-12-9-20-A","NP-Inf-12-9-20-A_46-B",200,30,"44182","64"
"2349","46-B","F5","EUG-Inf-12-14-20-A","EUG-Inf-12-14-20-A_46-B",200,30,"44182","64"
"2360","47","B1","EB-65","EB-65_47",200,30,"44186","65"
"2363","47","E1","COR-Inf-12-16-20-A","COR-Inf-12-16-20-A_47",200,30,"44186","65"
"2364","47","F1","COR-Inf-12-17-20-A","COR-Inf-12-17-20-A_47",200,30,"44186","65"
"2365","47","G1","NegCtl-65","NegCtl-65_47",200,30,"44186","65"
"2366","47","H1","PosCtl-65","PosCtl-65_47",200,30,"44186","65"
"2378","47","D3","HER-Inf-12-16-20-A","HER-Inf-12-16-20-A_47",200,30,"44186","65"
"2381","48","B1","EB-66","EB-66_48",200,30,"44188","66"
"2382","48","C1","BD-Inf-12-17-20-A","BD-Inf-12-17-20-A_48",200,30,"44188","66"
"2383","48","D1","BD-Inf-12-19-20-A","BD-Inf-12-19-20-A_48",200,30,"44188","66"
"2384","48","E1","BD-Inf-12-22-20-A","BD-Inf-12-22-20-A_48",200,30,"44188","66"
"2386","48","G1","NegCtl-66","NegCtl-66_48",200,30,"44188","66"
"2387","48","H1","PosCtl-66","PosCtl-66_48",200,30,"44188","66"
"2406","48","C4","RED-Inf-12-11-20-A","RED-Inf-12-11-20-A_48",200,30,"44188","66"
"2407","48","D4","RED-FLD_BLNK-12-22-20-A","RED-FLD_BLNK-12-22-20-A_48",200,30,"44188","66"
"2410","48","G4","RED-Inf-12-14-20-A","RED-Inf-12-14-20-A_48",200,30,"44188","66"
"2411","48","H4","RED-Inf-12-18-20-A","RED-Inf-12-18-20-A_48",200,30,"44188","66"
"2412","48","A5","RED-Inf-12-19-20-A","RED-Inf-12-19-20-A_48",200,30,"44188","66"
"2413","48","B5","RED-Inf-12-20-20-A","RED-Inf-12-20-20-A_48",200,30,"44188","66"
"2414","48","C5","RED-Inf-12-21-20-A","RED-Inf-12-21-20-A_48",200,30,"44188","66"
"2418","48","G5","NP-Inf-12-16-20-A","NP-Inf-12-16-20-A_48",200,30,"44188","66"
"2419","48","H5","NP-Inf-12-17-20-A","NP-Inf-12-17-20-A_48",200,30,"44188","66"
"2459","50","B1","EB-68","EB-68_50",200,30,"44196","68"
"2460","50","C1","COR-Inf-12-20-20-A","COR-Inf-12-20-20-A_50",200,30,"44196","68"
"2461","50","D1","COR-Inf-12-21-20-A","COR-Inf-12-21-20-A_50",200,30,"44196","68"
"2462","50","E1","COR-Inf-12-22-20-A","COR-Inf-12-22-20-A_50",200,30,"44196","68"
"2463","50","F1","COR-Inf-12-23-20-A","COR-Inf-12-23-20-A_50",200,30,"44196","68"
"2464","50","G1","NegCtl-68","NegCtl-68_50",200,30,"44196","68"
"2465","50","H1","PosCtl-68","PosCtl-68_50",200,30,"44196","68"
"2466","50","A2","COR-Inf-12-27-20-A","COR-Inf-12-27-20-A_50",200,30,"44196","68"
"2467","50","B2","COR-Inf-12-28-20-A","COR-Inf-12-28-20-A_50",200,30,"44196","68"
"2468","50","C2","COR-Inf-12-29-20-A","COR-Inf-12-29-20-A_50",200,30,"44196","68"
"2472","50","G2","NP-Inf-12-23-20-A","NP-Inf-12-23-20-A_50",200,30,"44196","68"
"2473","50","H2","NP-Inf-12-24-20-A","NP-Inf-12-24-20-A_50",200,30,"44196","68"
"2475","50","B3","HER-Inf-12-23-20-A","HER-Inf-12-23-20-A_50",200,30,"44196","68"
"2483","50","B4","EUG-Inf-12-28-20-A","EUG-Inf-12-28-20-A_50",200,30,"44196","68"
"2484","50","C4","EUG-Inf-12-21-20-A","EUG-Inf-12-21-20-A_50",200,30,"44196","68"
"2498","51","B1","EB-69","EB-69_51",200,30,"44200","69"
"2499","51","C1","HER-Inf-12-30-20-A","HER-Inf-12-30-20-A_51",200,30,"44200","69"
"2503","51","G1","NegCtl-69","NegCtl-69_51",200,30,"44200","69"
"2504","51","H1","PosCtl-69","PosCtl-69_51",200,30,"44200","69"
"2511","51","G2","BD-Inf-12-24-20-A","BD-Inf-12-24-20-A_51",200,30,"44200","69"
"2512","51","H2","BD-Inf-12-28-20-A","BD-Inf-12-28-20-A_51",200,30,"44200","69"
"2516","51","D3","RED-Inf-12-27-20-A","RED-Inf-12-27-20-A_51",200,30,"44200","69"
"2517","51","E3","RED-Inf-12-28-20-A","RED-Inf-12-28-20-A_51",200,30,"44200","69"
"2521","52","B1","EB-70","EB-70_52",200,30,"44203","70"
"2522","52","C1","COR-Inf-12-30-20-A","COR-Inf-12-30-20-A_52",200,30,"44203","70"
"2523","52","D1","COR-Inf-1-3-21-A","COR-Inf-1-3-21-A_52",200,30,"44203","70"
"2524","52","E1","COR-Inf-1-4-21-A","COR-Inf-1-4-21-A_52",200,30,"44203","70"
"2525","52","F1","COR-Inf-1-6-21-A","COR-Inf-1-6-21-A_52",200,30,"44203","70"
"2526","52","G1","NegCtl-70","NegCtl-70_52",200,30,"44203","70"
"2527","52","H1","PosCtl-70","PosCtl-70_52",200,30,"44203","70"
"2562","52","C6","NP-Inf-12-30-20-A","NP-Inf-12-30-20-A_52",200,30,"44203","70"
"2563","52","D6","NP-Inf-12-31-20-A","NP-Inf-12-31-20-A_52",200,30,"44203","70"
"2564","53","B1","EB-71","EB-71_53",200,30,"44207","71"
"2565","53","C1","EB-71","EB-71_53",200,30,"44207","71"
"2569","53","G1","NegCtl-71","NegCtl-71_53",200,30,"44207","71"
"2570","53","H1","PosCtl-71","PosCtl-71_53",200,30,"44207","71"
"2571","53","A2","BD-Inf-1-1-21-A","BD-Inf-1-1-21-A_53",200,30,"44207","71"
"2574","53","D2","BD-Inf-1-5-21-A","BD-Inf-1-5-21-A_53",200,30,"44207","71"
"2578","53","H2","EUG-Inf-1-4-21-A","EUG-Inf-1-4-21-A_53",200,30,"44207","71"
"2582","53","D3","HER-Inf-1-6-21-A","HER-Inf-1-6-21-A_53",200,30,"44207","71"
"2590","53","D4","RED-Inf-1-5-21-A","RED-Inf-1-5-21-A_53",200,30,"44207","71"
"2591","53","E4","RED-Inf-1-6-21-A","RED-Inf-1-6-21-A_53",200,30,"44207","71"
"2609","53","G6","COR-Inf-1-7-21-A","COR-Inf-1-7-21-A_53",200,30,"44207","72"
"2635","53","B1","EB-72","EB-72_53",200,30,"44207","72"
"2636","53","G1","NegCtl-72","NegCtl-72_53",200,30,"44207","72"
"2637","53","H1","PosCtl-72","PosCtl-72_53",200,30,"44207","72"
"2638","54","B1","EB-73","EB-73_54",200,30,"44210","73"
"2639","54","C1","NP-Inf-1-7-21-A","NP-Inf-1-7-21-A_54",200,30,"44210","73"
"2643","54","G1","NegCtl-73","NegCtl-73_54",200,30,"44210","73"
"2644","54","H1","PosCtl-73","PosCtl-73_54",200,30,"44210","73"
"2651","54","G2","BD-Inf-1-7-21-A","BD-Inf-1-7-21-A_54",200,30,"44210","73"
"2652","54","H2","BD-Inf-1-11-21-A","BD-Inf-1-11-21-A_54",200,30,"44210","73"
"2674","54","F5","COR-Inf-1-12-21-A","COR-Inf-1-12-21-A_54",200,30,"44210","73"
"2685","55","B1","EB-74","EB-74_55",200,30,"44211","74"
"2687","55","D1","NP-Inf-1-6-21-A","NP-Inf-1-6-21-A_55",200,30,"44211","74"
"2688","55","E1","COR-Inf-1-10-21-A","COR-Inf-1-10-21-A_55",200,30,"44211","74"
"2690","55","G1","NegCtl-74","NegCtl-74_55",200,30,"44211","74"
"2691","55","H1","PosCtl-74","PosCtl-74_55",200,30,"44211","74"
"2698","55","G2","EUG-Inf-1-11-21-A","EUG-Inf-1-11-21-A_55",200,30,"44211","74"
"2708","56","B1","EB-75","EB-75_56",200,30,"44215","75"
"2713","56","G1","NegCtl-75","NegCtl-75_56",200,30,"44215","75"
"2714","56","H1","PosCtl-75","PosCtl-75_56",200,30,"44215","75"
"2730","56","H3","COR-Inf-1-13-21-A","COR-Inf-1-13-21-A_56",200,30,"44215","75"
"2731","56","A4","COR-Inf-1-14-21-A","COR-Inf-1-14-21-A_56",200,30,"44215","75"
"2733","56","C4","NP-Inf-1-13-21-A","NP-Inf-1-13-21-A_56",200,30,"44215","75"
"2734","56","D4","NP-Inf-1-14-21-A","NP-Inf-1-14-21-A_56",200,30,"44215","75"
"2741","56","C5","HER-Inf-1-13-21-A","HER-Inf-1-13-21-A_56",200,30,"44215","75"
"2752","57","B1","EB-76","EB-76_57",200,30,"44217","76"
"2754","57","D1","EUG-Inf-1-18-21-A","EUG-Inf-1-18-21-A_57",200,30,"44217","76"
"2757","57","G1","NegCtl-76","NegCtl-76_57",200,30,"44217","76"
"2758","57","H1","PosCtl-76","PosCtl-76_57",200,30,"44217","76"
"2779","57","E4","COR-Inf-1-18-21-A","COR-Inf-1-18-21-A_57",200,30,"44217","76"
"2780","57","F4","COR-Inf-1-19-21-A","COR-Inf-1-19-21-A_57",200,30,"44217","76"
"2799","58","B1","EB-77","EB-77_58",200,30,"44221","77"
"2804","58","G1","NegCtl-77","NegCtl-77_58",200,30,"44221","77"
"2805","58","H1","PosCtl-77","PosCtl-77_58",200,30,"44221","77"
"2806","58","A2","COR-Inf-1-17-21-A","COR-Inf-1-17-21-A_58",200,30,"44221","77"
"2823","58","B4","COR-Inf-1-21-21-A","COR-Inf-1-21-21-A_58",200,30,"44221","77"
"2832","58","C5","HER-Inf-1-20-21-A","HER-Inf-1-20-21-A_58",200,30,"44221","77"
"2836","58","G5","BD-Inf-1-14-21-A","BD-Inf-1-14-21-A_58",200,30,"44221","77"
"2837","58","H5","BD-Inf-1-19-21-A","BD-Inf-1-19-21-A_58",200,30,"44221","77"
"2846","58","A7","NP-Inf-1-20-21-A","NP-Inf-1-20-21-A_58",200,30,"44221","78"
"2847","58","B7","NP-Inf-1-21-21-A","NP-Inf-1-21-21-A_58",200,30,"44221","78"
"2852","58","G7","RED-Inf-1-18-21-A","RED-Inf-1-18-21-A_58",200,30,"44221","78"
"2853","58","H7","RED-Inf-1-19-21-A","RED-Inf-1-19-21-A_58",200,30,"44221","78"
"2883","58","G1","NegCtl-78","NegCtl-78_58",200,30,"44221","78"
"2884","58","H1","PosCtl-78","PosCtl-78_58",200,30,"44221","78"
"2885","59","B1","EB-79","EB-79_59",200,30,"44224","79"
"2886","59","C1","COR-Inf-1-24-21-A","COR-Inf-1-24-21-A_59",200,30,"44224","79"
"2887","59","D1","COR-Inf-1-25-21-A","COR-Inf-1-25-21-A_59",200,30,"44224","79"
"2888","59","E1","COR-Inf-1-26-21-A","COR-Inf-1-26-21-A_59",200,30,"44224","79"
"2890","59","G1","NegCtl-79","NegCtl-79_59",200,30,"44224","79"
"2891","59","H1","PosCtl-79","PosCtl-79_59",200,30,"44224","79"
"2914","59","G4","RED-Inf-1-10-21-A","RED-Inf-1-10-21-A_59",200,30,"44224","79"
"2916","59","A5","RED-Inf-1-13-21-A","RED-Inf-1-13-21-A_59",200,30,"44224","79"
"2919","59","D5","EUG-Inf-1-25-21-A","EUG-Inf-1-25-21-A_59",200,30,"44224","79"
"2932","60","B1","EB-80","EB-80_60",200,30,"44228","80"
"2933","60","C1","BD-Inf-1-21-21-A","BD-Inf-1-21-21-A_60",200,30,"44228","80"
"2934","60","D1","BD-Inf-1-25-21-A","BD-Inf-1-25-21-A_60",200,30,"44228","80"
"2937","60","G1","NegCtl-80","NegCtl-80_60",200,30,"44228","80"
"2938","60","H1","PosCtl-80","PosCtl-80_60",200,30,"44228","80"
"2939","60","A2","RED-Inf-1-28-21-A","RED-Inf-1-28-21-A_60",200,30,"44228","80"
"2945","60","G2","RED-FLD_BLNK-1-29-21-A","RED-FLD_BLNK-1-29-21-A_60",200,30,"44228","80"
"2946","60","H2","COR-Inf-1-28-21-A","COR-Inf-1-28-21-A_60",200,30,"44228","80"
"2972","60","B6","HER-Inf-1-27-21-A","HER-Inf-1-27-21-A_60",200,30,"44228","81"
"2981","60","C7","NP-Inf-1-27-21-A","NP-Inf-1-27-21-A_60",200,30,"44228","81"
"2982","60","D7","NP-Inf-1-28-21-A","NP-Inf-1-28-21-A_60",200,30,"44228","81"
"2991","60","B1","EB-81","EB-81_60",200,30,"44228","81"
"2992","60","G1","NegCtl-81","NegCtl-81_60",200,30,"44228","81"
"2993","60","H1","PosCtl-81","PosCtl-81_60",200,30,"44228","81"
"2994","61","B1","EB-82","EB-82_61",200,30,"44231","82"
"2999","61","G1","NegCtl-82","NegCtl-82_61",200,30,"44231","82"
"3000","61","H1","PosCtl-82","PosCtl-82_61",200,30,"44231","82"
"3018","61","B4","COR-Inf-1-31-21-A","COR-Inf-1-31-21-A_61",200,30,"44231","82"
"3019","61","C4","COR-Inf-2-1-21-A","COR-Inf-2-1-21-A_61",200,30,"44231","82"
"3020","61","D4","COR-Inf-2-2-21-A","COR-Inf-2-2-21-A_61",200,30,"44231","82"
"3029","61","E5","RED-Inf-1-24-21-A","RED-Inf-1-24-21-A_61",200,30,"44231","82"
"3030","61","F5","RED-Inf-1-26-21-A","RED-Inf-1-26-21-A_61",200,30,"44231","82"
"3031","61","G5","EUG-Inf-2-1-21-A","EUG-Inf-2-1-21-A_61",200,30,"44231","82"
"3033","62","B1","EB-83","EB-83_62",200,30,"44235","83"
"3036","62","E1","HER-Inf-2-3-21-A","HER-Inf-2-3-21-A_62",200,30,"44235","83"
"3038","62","G1","NegCtl-83","NegCtl-83_62",200,30,"44235","83"
"3039","62","H1","PosCtl-83","PosCtl-83_62",200,30,"44235","83"
"3044","62","E2","BD-Inf-2-1-21-A","BD-Inf-2-1-21-A_62",200,30,"44235","83"
"3045","62","F2","BD-Inf-1-28-21-A","BD-Inf-1-28-21-A_62",200,30,"44235","83"
"3054","62","G3","RED-Inf-1-31-21-A","RED-Inf-1-31-21-A_62",200,30,"44235","83"
"3055","62","H3","RED-Inf-2-2-21-A","RED-Inf-2-2-21-A_62",200,30,"44235","83"
"3075","62","D6","COR-Inf-2-4-21-A","COR-Inf-2-4-21-A_62",200,30,"44235","83"
"3076","63","B1","EB-84","EB-84_63",200,30,"44238","84"
"3081","63","G1","NegCtl-84","NegCtl-84_63",200,30,"44238","84"
"3082","63","H1","PosCtl-84","PosCtl-84_63",200,30,"44238","84"
"3101","63","C4","NP-Inf-2-3-21-A","NP-Inf-2-3-21-A_63",200,30,"44238","84"
"3102","63","D4","NP-Inf-2-4-21-A","NP-Inf-2-4-21-A_63",200,30,"44238","84"
"3104","63","F4","COR-Inf-2-7-21-A","COR-Inf-2-7-21-A_63",200,30,"44238","84"
"3105","63","G4","COR-Inf-2-8-21-A","COR-Inf-2-8-21-A_63",200,30,"44238","84"
"3106","63","H4","COR-Inf-2-9-21-A","COR-Inf-2-9-21-A_63",200,30,"44238","84"
"3111","64","B1","EB-85","EB-85_64",200,30,"44242","85"
"3114","64","E1","RED-Inf-2-7-21-A","RED-Inf-2-7-21-A_64",200,30,"44242","85"
"3115","64","F1","RED-Inf-2-9-21-A","RED-Inf-2-9-21-A_64",200,30,"44242","85"
"3116","64","G1","NegCtl-85","NegCtl-85_64",200,30,"44242","85"
"3117","64","H1","PosCtl-85","PosCtl-85_64",200,30,"44242","85"
"3120","64","C2","BD-Inf-2-4-21-A","BD-Inf-2-4-21-A_64",200,30,"44242","85"
"3121","64","D2","BD-Inf-2-8-21-A","BD-Inf-2-8-21-A_64",200,30,"44242","85"
"3130","64","E3","HER-Inf-2-10-21-A","HER-Inf-2-10-21-A_64",200,30,"44242","85"
"3131","64","F3","EUG-Inf-2-8-21-A","EUG-Inf-2-8-21-A_64",200,30,"44242","85"
"3134","64","A4","NP-Inf-2-10-21-A","NP-Inf-2-10-21-A_64",200,30,"44242","85"
"3135","64","B4","NP-Inf-2-11-21-A","NP-Inf-2-11-21-A_64",200,30,"44242","85"
"3155","64","F6","COR-Inf-2-10-21-A","COR-Inf-2-10-21-A_64",200,30,"44242","85"
"3157","65","B1","EB-86","EB-86_65",200,30,"44245","86"
"3162","65","G1","NegCtl-86","NegCtl-86_65",200,30,"44245","86"
"3163","65","H1","PosCtl-86","PosCtl-86_65",200,30,"44245","86"
"3182","65","C4","COR-Inf-2-14-21-A","COR-Inf-2-14-21-A_65",200,30,"44245","86"
"3186","65","G4","COR-Inf-2-16-21-A","COR-Inf-2-16-21-A_65",200,30,"44245","86"
"3187","65","H4","COR-Inf-2-15-21-A","COR-Inf-2-15-21-A_65",200,30,"44245","86"
"3188","66","B1","EB-87","EB-87_66",200,30,"44249","87"
"3193","66","G1","NegCtl-87","NegCtl-87_66",200,30,"44249","87"
"3194","66","H1","PosCtl-87","PosCtl-87_66",200,30,"44249","87"
"3197","66","C2","RED-Inf-2-16-21-A","RED-Inf-2-16-21-A_66",200,30,"44249","87"
"3201","66","G2","HER-Inf-2-17-21-A","HER-Inf-2-17-21-A_66",200,30,"44249","87"
"3204","66","B3","BD-Inf-2-11-21-A","BD-Inf-2-11-21-A_66",200,30,"44249","87"
"3205","66","C3","BD-Inf-2-15-21-A","BD-Inf-2-15-21-A_66",200,30,"44249","87"
"3216","66","F4","EUG-Inf-2-15-21-A","EUG-Inf-2-15-21-A_66",200,30,"44249","87"
"3233","66","G6","COR-Inf-2-18-21-A","COR-Inf-2-18-21-A_66",200,30,"44249","87"
"3235","67","B1","EB-88","EB-88_67",200,30,"44252","88"
"3240","67","G1","NegCtl-88","NegCtl-88_67",200,30,"44252","88"
"3241","67","H1","PosCtl-88","PosCtl-88_67",200,30,"44252","88"
"3260","67","C4","COR-Inf-2-21-21-A","COR-Inf-2-21-21-A_67",200,30,"44252","88"
"3261","67","D4","COR-Inf-2-22-21-A","COR-Inf-2-22-21-A_67",200,30,"44252","88"
"3262","67","E4","COR-Inf-2-23-21-A","COR-Inf-2-23-21-A_67",200,30,"44252","88"
"3267","67","B5","NP-Inf-2-17-21-A","NP-Inf-2-17-21-A_67",200,30,"44252","88"
"3268","67","C5","NP-Inf-2-18-21-A","NP-Inf-2-18-21-A_67",200,30,"44252","88"
"3271","67","F5","EUG-Inf-2-22-21-A","EUG-Inf-2-22-21-A_67",200,30,"44252","88"
"3274","68","B1","EB-89","EB-89_68",200,30,"44256","89"
"3275","68","C1","HER-Inf-2-24-21-A","HER-Inf-2-24-21-A_68",200,30,"44256","89"
"3279","68","G1","NegCtl-89","NegCtl-89_68",200,30,"44256","89"
"3280","68","H1","PosCtl-89","PosCtl-89_68",200,30,"44256","89"
"3283","68","C2","RED-Inf-2-22-21-A","RED-Inf-2-22-21-A_68",200,30,"44256","89"
"3284","68","D2","RED-Inf-2-24-21-A","RED-Inf-2-24-21-A_68",200,30,"44256","89"
"3294","68","F3","BD-Inf-2-18-21-A","BD-Inf-2-18-21-A_68",200,30,"44256","89"
"3295","68","G3","BD-Inf-2-22-21-A","BD-Inf-2-22-21-A_68",200,30,"44256","89"
"3299","68","C4","NP-Inf-2-24-21-A","NP-Inf-2-24-21-A_68",200,30,"44256","89"
"3300","68","D4","NP-Inf-2-25-21-A","NP-Inf-2-25-21-A_68",200,30,"44256","89"
"3323","68","C7","COR-Inf-2-24-21-A","COR-Inf-2-24-21-A_68",200,30,"44256","90"
"3335","69","B1","EB-91","EB-91_69",200,30,"44259","91"
"3340","69","G1","NegCtl-91","NegCtl-91_69",200,30,"44259","91"
"3341","69","H1","PosCtl-91","PosCtl-91_69",200,30,"44259","91"
"3364","69","G4","COR-Inf-2-28-21-A","COR-Inf-2-28-21-A_69",200,30,"44259","91, 108"
"3365","69","H4","COR-Inf-3-1-21-A","COR-Inf-3-1-21-A_69",200,30,"44259","91"
"3366","69","A5","COR-Inf-3-2-21-A","COR-Inf-3-2-21-A_69",200,30,"44259","91"
"3369","70","B1","EB-92","EB-92_70",200,30,"44263","92"
"3371","70","D1","EUG-Inf-3-1-21-A","EUG-Inf-3-1-21-A_70",200,30,"44263","92"
"3374","70","G1","NegCtl-92","NegCtl-92_70",200,30,"44263","92"
"3375","70","H1","PosCtl-92","PosCtl-92_70",200,30,"44263","92"
"3376","70","A2","RED-Inf-3-1-21-A","RED-Inf-3-1-21-A_70",200,30,"44263","92"
"3377","70","B2","RED-Inf-3-3-21-A","RED-Inf-3-3-21-A_70",200,30,"44263","92"
"3381","70","F2","HER-Inf-3-3-21-A","HER-Inf-3-3-21-A_70",200,30,"44263","92"
"3384","70","A3","BD-Inf-2-25-21-A","BD-Inf-2-25-21-A_70",200,30,"44263","92"
"3385","70","B3","BD-Inf-3-1-21-A","BD-Inf-3-1-21-A_70",200,30,"44263","92"
"3397","70","F4","COR-Inf-3-3-21-A","COR-Inf-3-3-21-A_70",200,30,"44263","92"
"3414","70","G6","COR-Inf-3-4-21-A","COR-Inf-3-4-21-A_70",200,30,"44263","92"
"3415","71","B1","EB-94","EB-94_71",200,30,"44266","94"
"3416","71","C1","EUG-Inf-3-8-21-A","EUG-Inf-3-8-21-A_71",200,30,"44266","94"
"3417","71","D1","NP-Inf-3-4-21-A","NP-Inf-3-4-21-A_71",200,30,"44266","94"
"3420","71","G1","NegCtl-94","NegCtl-94_71",200,30,"44266","94"
"3421","71","H1","PosCtl-94","PosCtl-94_71",200,30,"44266","94"
"3462","71","A7","COR-Inf-3-7-21-A","COR-Inf-3-7-21-A_71",200,30,"44266","96"
"3463","71","B7","COR-Inf-3-8-21-A","COR-Inf-3-8-21-A_71",200,30,"44266","94"
"3464","71","C7","COR-Inf-3-9-21-A","COR-Inf-3-9-21-A_71",200,30,"44266","94"
"3478","72","B1","EB-95","EB-95_72",200,30,"44270","95"
"3482","72","F1","COR-Inf-3-11-21-A","COR-Inf-3-11-21-A_72",200,30,"44270","96, 95"
"3483","72","G1","NegCtl-95","NegCtl-95_72",200,30,"44270","95"
"3484","72","H1","PosCtl-95","PosCtl-95_72",200,30,"44270","95"
"3488","72","D2","HER-Inf-3-10-21-A","HER-Inf-3-10-21-A_72",200,30,"44270","95"
"3491","72","G2","RED-Inf-3-8-21-A","RED-Inf-3-8-21-A_72",200,30,"44270","95"
"3492","72","H2","RED-Inf-3-10-21-A","RED-Inf-3-10-21-A_72",200,30,"44270","95"
"3501","72","A4","BD-Inf-3-5-21-A","BD-Inf-3-5-21-A_72",200,30,"44270","95"
"3502","72","B4","BD-Inf-3-9-21-A","BD-Inf-3-9-21-A_72",200,30,"44270","95"
"3533","72","A8","COR-Inf-3-11-21-A","COR-Inf-3-11-21-A_72",200,30,"44270","96, 95"
"3536","73","B1","EB-97","EB-97_73",200,30,"44273","97"
"3541","73","G1","NegCtl-97","NegCtl-97_73",200,30,"44273","97"
"3542","73","H1","PosCtl-97","PosCtl-97_73",200,30,"44273","97"
"3572","73","F5","COR-Inf-3-14-21-A","COR-Inf-3-14-21-A_73",200,30,"44273","97"
"3573","73","G5","COR-Inf-3-15-21-A","COR-Inf-3-15-21-A_73",200,30,"44273","97"
"3574","73","H5","COR-Inf-3-17-21-A","COR-Inf-3-17-21-A_73",200,30,"44273","97"
"3591","74","B1","EB-98","EB-98_74",200,30,"44277","98"
"3596","74","G1","NegCtl-98","NegCtl-98_74",200,30,"44277","98"
"3597","74","H1","PosCtl-98","PosCtl-98_74",200,30,"44277","98"
"3598","74","A2","RED-Inf-3-15-21-A","RED-Inf-3-15-21-A_74",200,30,"44277","98"
"3599","74","B2","RED-Inf-3-17-21-A","RED-Inf-3-17-21-A_74",200,30,"44277","98"
"3600","74","C2","EUG-Inf-3-15-21-A","EUG-Inf-3-15-21-A_74",200,30,"44277","98"
"3607","74","B3","BD-Inf-3-11-21-A","BD-Inf-3-11-21-A_74",200,30,"44277","98"
"3608","74","C3","BD-Inf-3-15-21-A","BD-Inf-3-15-21-A_74",200,30,"44277","98"
"3612","74","G3","HER-Inf-3-17-21-A","HER-Inf-3-17-21-A_74",200,30,"44277","98"
"3615","74","B4","COR-Inf-3-18-21-A","COR-Inf-3-18-21-A_74",200,30,"44277","98"
"3618","75","B1","EB-98-B","EB-98-B_75",200,30,"44280","98"
"3623","75","G1","NegCtl-98-B","NegCtl-98-B_75",200,30,"44280","98"
"3624","75","H1","PosCtl-98-B","PosCtl-98-B_75",200,30,"44280","98"
"3625","75","A2","COR-Inf-3-21-21-A","COR-Inf-3-21-21-A_75",200,30,"44280","98"
"3719","77","A7","BD-Inf-3-18-21-A","BD-Inf-3-18-21-A_77",200,30,"44287","101"
"3961","81","B1","EB-108","EB-108_81",200,30,"44301","108"
"3962","81","G1","NegCtl-108","NegCtl-108_81",200,30,"44301","108"
"3963","81","H1","PosCtl-108","PosCtl-108_81",200,30,"44301","108"
"4816","99","B1","EB-133","EB-133_99",200,30,"44364","133"
"4821","99","G1","NegCtl-133","NegCtl-133_99",200,30,"44364","133"
"4822","99","H1","PosCtl-133","PosCtl-133_99",200,30,"44364","133"
"4850","99","E5","NP-Inf-6-18-20-E","NP-Inf-6-18-20-E_99",200,30,"44364","133"
"4851","99","F5","NP-ParkSt-6-19-20-E","NP-ParkSt-6-19-20-E_99",200,30,"44364","133"
"4852","99","G5","NP-48thSt-6-19-20-E","NP-48thSt-6-19-20-E_99",200,30,"44364","133"
"4853","99","H5","NP-56thSt-6-19-20-E","NP-56thSt-6-19-20-E_99",170,30,"44364","133"
"4854","99","A6","NP-Neff-6-19-20-E","NP-Neff-6-19-20-E_99",170,30,"44364","133"
"4855","99","B6","NP-San-Bay-O-6-18-20-E","NP-San-Bay-O-6-18-20-E_99",170,30,"44364","133"
"4856","99","C6","NP-San-Bay-O-7-9-20-E","NP-San-Bay-O-7-9-20-E_99",165,30,"44364","133"
"4857","99","F6","EB-133-B","EB-133-B_99",200,30,"44364","133"
"4858","99","G6","NegCtl-133-B","NegCtl-133-B_99",200,30,"44364","133"
"4859","99","D7","NP-San-Bay-O-7-8-20-E","NP-San-Bay-O-7-8-20-E_99",185,30,"44364","133"
"4860","99","E7","NP-Bayfront-7-8-20-E","NP-Bayfront-7-8-20-E_99",185,30,"44364","133"
"4903","101","B1","EB-135","EB-135_101",200,30,"44371","135"
"4908","101","G1","NegCtl-135","NegCtl-135_101",200,30,"44371","135"
"4909","101","H1","PosCtl-135","PosCtl-135_101",200,30,"44371","135"
"4938","101","E5","NP-NyeBeach-6-18-20-B","NP-NyeBeach-6-18-20-B_101",200,30,"44371","135"
"4939","101","F5","NP-Inf-6-10-20-B","NP-Inf-6/10/20-B_101",107,30,"44371","135"
"4940","101","G5","NP-Inf-6-12-20-B","NP-Inf-6/12/20-B_101",84,30,"44371","135"
"4941","101","H5","NP-Inf-6-11-20-B","NP-Inf-6/11/20-B_101",172,30,"44371","135"
